name,par,status,n_toas,pint_prefit_us,jug_prefit_us,prefit_ratio,pint_postfit_us,jug_postfit_us,postfit_ratio,param_diffs,pint_prefit_time_s,jug_prefit_time_s,pint_postfit_time_s,jug_postfit_time_s
B1855+09,B1855+09_PINT_20220301.nb.par,OK,7758,1.0238733815643400772,1.0237040999196831,0.99983466545013769544,0.6929095643024325981,0.6928516112982824,0.9999163628168294833,PX:-5.081e-04(0.06%) EPS1:-2.780e-11(0.00%) EPS2:+1.344e-11(0.00%) M2:+1.515e-05(0.01%) PMELONG:-2.470e-05(0.00%) PMELAT:+9.687e-06(0.00%) FD1:+2.152e-08(0.02%) FD2:-2.628e-08(0.02%) FD3:+1.565e-08(0.02%),3.343118667602539,1.1432411670684814,11.792051792144775,0.7198066711425781
B1937+21,B1937+21_PINT_20220306.nb.par,OK,23023,6.2181767184125222997,6.218609051289685,1.0000695272741095869,0.66542512664282830407,0.6655757495403153,1.0002263558910780817,PX:-1.919e-04(0.06%) PMELONG:-2.319e-05(0.03%) PMELAT:+2.221e-05(0.01%) FD1:+6.147e-07(0.03%) FD2:-6.165e-07(0.03%) FD3:+4.146e-07(0.03%) FD4:-1.989e-07(0.03%),9.544146537780762,1.6676533222198486,24.98945951461792,1.2619342803955078
B1937+21ao,B1937+21ao_PINT_20220304.nb.par,OK,7241,3.4009702992461185004,3.401571345769735,1.0001767279542987834,0.4611441709875394339,0.461284703148132,1.0003047466918895267,PX:-1.434e-04(0.03%) PMELONG:-2.063e-05(1.16%) PMELAT:-5.943e-05(0.01%) FD1:-1.304e-06(0.03%) FD2:+1.248e-06(0.03%) FD3:-6.929e-07(0.03%) FD4:+1.822e-07(0.03%),3.12394380569458,0.8138246536254883,7.1105194091796875,0.5254108905792236
B1937+21gbt,B1937+21gbt_PINT_20220304.nb.par,OK,16048,4.033532455066441771,4.0341715201367805,1.0001584380632752809,0.68122611163699434524,0.6813529517759652,1.0001861938889366372,PX:-1.093e-04(0.48%) PMELONG:-1.982e-05(0.04%) PMELAT:+3.286e-05(0.01%) FD1:-4.276e-09(0.03%) FD2:+4.383e-09(0.04%) FD3:-4.368e-09(0.04%) FD4:+2.987e-09(0.02%),6.565429210662842,1.092313528060913,15.525438070297241,1.0535485744476318
B1953+29,B1953+29_PINT_20220301.nb.par,OK,5126,4.0808929290395922237,4.080910775877912,1.0000043732679662282,3.459411558162015881,3.45936924614062,0.999987769011959266,PX:-5.906e-05(0.01%) PMELONG:-6.225e-05(0.00%) PMELAT:-4.779e-05(0.00%) FD1:+1.033e-09(0.00%) FD2:-1.100e-09(0.00%),2.200221538543701,0.7382264137268066,7.121550798416138,0.5042169094085693
J0023+0923,J0023+0923_PINT_20220301.nb.par,OK,15896,1.2036794967598684667,1.2036798381538607,1.0000002836253281344,1.2035632297663922311,1.2035598575374225,0.99999719812895045406,PX:+3.619e-03(0.37%) EPS1:+2.984e-08(0.44%) EPS2:-1.438e-08(0.52%) PMELONG:+2.356e-04(0.00%) PMELAT:+3.593e-04(0.08%) FD1:-5.756e-08(0.01%) FD2:+5.837e-08(0.02%) FD3:-4.116e-08(0.01%) FD4:+2.195e-08(0.01%) FB1:-1.857e-23(0.05%) FB2:-7.212e-31(0.21%) FB3:+4.261e-38(0.18%) FB4:+6.249e-46(0.28%) FB5:-5.741e-53(0.41%),6.626056432723999,1.112583875656128,25.137454509735107,1.2049705982208252
J0030+0451,J0030+0451_PINT_20220302.nb.par,OK,19571,1.3001244400265977471,1.3000459649683203,0.9999396403483685869,1.0962547739593438486,1.0962863230357152,1.0000287789637233375,PX:-2.177e-04(0.01%) PMELONG:-9.454e-05(0.00%) PMELAT:+3.336e-04(0.01%) FD1:+1.288e-08(0.00%) FD2:-1.414e-08(0.00%) FD3:+9.532e-09(0.00%) FD4:-2.981e-09(0.00%),8.294726848602295,1.077056884765625,21.052143096923828,1.0707457065582275
J0340+4130,J0340+4130_PINT_20220302.nb.par,OK,11093,5.62042441481885625,5.62042038930766,0.9999992837709576601,5.6195583143257422593,5.6195547802506365,0.99999937111158776183,PX:-9.156e-05(0.01%) PMELONG:+2.690e-05(0.00%) PMELAT:+3.640e-05(0.00%) FD1:-1.582e-09(0.00%) FD2:+1.212e-09(0.00%),4.565031051635742,0.9039461612701416,9.944286346435547,0.6126222610473633
J0406+3039,J0406+3039_PINT_20220304.nb.par,OK,2446,1.4812844615477250592,1.481289759109869,1.0000035763300577983,1.481264638914015901,1.4812687482679285,1.0000027742199500884,PX:-6.199e-04(0.23%) EPS2:-8.545e-10(0.01%) PMELONG:-3.533e-05(0.00%) PMELAT:-1.125e-04(0.01%) FD1:+1.671e-10(0.00%),1.0126581192016602,0.7889184951782227,3.631240129470825,0.3759782314300537
J0437-4715,J0437-4715_PINT_20220301.nb.par,OK,5830,0.83945159366431304493,0.8393651780540854,0.99989705706573211996,0.6549714900544162273,0.6549730161945889,1.0000023300864172964,PX:-1.907e-03(0.02%) ECC:-2.086e-11(0.00%) OM:-4.140e-04(0.02%) PBDOT:+6.824e-16(0.03%) PMELONG:+2.011e-04(0.00%) FD1:+7.942e-09(0.02%) FD2:-6.271e-09(0.03%) FD3:+1.759e-09(0.04%),2.3391003608703613,0.524101972579956,7.535694360733032,0.4762272834777832
J0509+0856,J0509+0856_PINT_20220302.nb.par,OK,2169,5.047615457973266215,5.047618757377277,1.0000006536559764769,5.0475109622587017505,5.047514203135661,1.0000006420742784464,F1:+1.123e-21(0.00%) PX:-8.861e-04(0.05%) EPS1:+4.607e-10(0.00%) EPS2:-5.378e-10(0.00%) PMELONG:-1.452e-03(0.04%) PMELAT:+1.842e-03(0.03%),1.08009934425354,0.3759651184082031,3.268371820449829,0.3980731964111328
J0557+1551,J0557+1551_PINT_20220302.nb.par,OK,525,3.67620893845152668,3.676224914013697,1.0000043456621856642,3.6752833159046526669,3.675292647897648,1.0000025391220739775,PX:+3.546e-05(0.00%) EPS1:+2.593e-10(0.00%) EPS2:-5.602e-11(0.01%) PMELONG:+3.456e-05(0.00%) PMELAT:-6.785e-04(0.03%),0.3384122848510742,0.33705568313598633,1.6548209190368652,0.31887292861938477
J0605+3757,J0605+3757_PINT_20220301.nb.par,OK,554,3.7385121896139603531,3.738488287324458,0.9999936064700901761,3.6439200570240883154,3.6439092602369643,0.9999970370406169481,PX:-2.269e-05(0.00%) PMELONG:+3.127e-04(0.01%) PMELAT:-3.740e-04(0.00%),0.3397994041442871,0.3363077640533447,1.4673235416412354,0.23398065567016602
J0610-2100,J0610-2100_PINT_20220301.nb.par,OK,4885,5.3845752523751929733,5.384564477916729,0.9999979990142288771,5.2493495914957496898,5.2493477323656075,0.99999964583609649005,PX:-7.785e-04(0.01%) EPS1:-4.696e-08(0.18%) EPS2:+5.028e-07(6.19%) PMELONG:-7.995e-04(0.01%) PMELAT:+2.421e-03(0.01%) FD1:+1.887e-06(0.04%) FD2:-1.896e-06(0.04%) FD3:+1.287e-06(0.04%) FD4:-5.188e-07(0.04%),2.2732768058776855,0.5232686996459961,6.475820064544678,0.5063972473144531
J0613-0200,J0613-0200_PINT_20220302.nb.par,OK,17124,1.0471383405319777724,1.0470908593941617,0.99995465628945267883,0.88221418694228390204,0.8822047970447036,0.99998935644232509135,PX:+8.026e-05(0.01%) EPS1:-9.374e-09(0.44%) EPS2:+3.001e-10(0.01%) SINI:-1.516e-03(0.17%) M2:+3.239e-03(1.21%) PBDOT:-3.760e-17(0.13%) PMELONG:+5.546e-06(0.00%) PMELAT:+3.460e-05(0.00%) FD1:+5.625e-10(0.00%) FD2:-4.683e-10(0.00%),7.2180211544036865,0.9713246822357178,26.463178396224976,1.0858983993530273
J0614-3329,J0614-3329_PINT_20220301.nb.par,OK,1714,1.9614000554060626694,1.961407434901352,1.0000037623611098275,1.9533452530714131183,1.9533391405376461,0.9999968707355971079,PX:-1.575e-03(0.03%) PMELONG:+3.669e-04(0.08%) PMELAT:+2.837e-04(0.01%) FD1:+5.300e-11(0.00%),0.7196810245513916,0.3641183376312256,2.6857357025146484,0.29206013679504395
J0636+5128,J0636+5128_PINT_20220303.nb.par,OK,32222,3.0418863933004230257,3.0418875723613144,1.0000003876084570161,3.0418519230630729673,3.041845526356086,0.99999789710112504634,PX:-6.931e-04(0.09%) EPS1:-1.647e-07(1.07%) EPS2:+1.127e-07(2.10%) PMELONG:+9.851e-05(0.00%) PMELAT:-2.317e-04(0.01%) FD1:+3.287e-09(0.01%) FB1:+1.022e-22(0.19%) FB2:+1.056e-30(0.06%) FB3:-8.761e-38(0.21%),13.431074619293213,2.0928874015808105,45.66936492919922,1.5924720764160156
J0645+5158,J0645+5158_PINT_20220302.nb.par,OK,10403,0.5682313231677935141,0.5682292040032277,0.99999627059530270007,0.5679536178058576511,0.5679515910330559,0.9999964314466213698,PX:+2.478e-04(0.04%) PMELAT:-1.521e-05(0.00%) FD1:-6.385e-10(0.01%) FD2:+2.565e-10(0.00%),4.203536510467529,0.705111026763916,10.240188598632812,0.6200730800628662
J0709+0458,J0709+0458_PINT_20220302.nb.par,OK,3030,9.592904059891264377,9.592900108800206,0.99999958812357203543,9.592634717699765501,9.59263139466179,0.99999965358443503516,PX:+5.346e-04(0.07%) PMELONG:+2.500e-04(0.13%) PMELAT:-4.064e-04(0.22%) FD1:-4.529e-10(0.00%),1.2364602088928223,0.4278726577758789,4.250709056854248,0.3689589500427246
J0740+6620,J0740+6620_PINT_20220302.nb.par,OK,13401,1.4004010157550099303,1.400399821782784,0.99999914740691237414,1.3987296896214269775,1.398728283828209,0.9999989949500403821,PX:-2.295e-03(0.20%) EPS1:+4.051e-10(0.01%) EPS2:-4.006e-11(0.00%) SINI:+2.640e-06(0.00%) M2:-1.107e-04(0.05%) PBDOT:-9.107e-16(0.09%) PMELONG:+7.717e-05(0.00%) PMELAT:-1.927e-04(0.00%) FD1:+2.217e-08(0.03%) FD2:-2.314e-08(0.03%) FD3:+1.094e-08(0.03%),6.062606573104858,0.8535623550415039,19.80078387260437,0.9787344932556152
J0931-1902,J0931-1902_PINT_20220301.nb.par,OK,5473,3.6828431748232132077,3.6828397773074926,0.99999907747477713253,3.6827231896857267116,3.6827199382009677,0.999999117097704177,PX:-1.472e-04(0.01%) PMELONG:+3.447e-05(0.00%) PMELAT:+4.111e-05(0.00%),2.4463725090026855,0.5276927947998047,5.221102237701416,0.44124269485473633
J1012+5307,J1012+5307_PINT_20220305.nb.par,OK,25837,1.7947439763492523534,1.794573397713999,0.9999049565634423848,1.5707899026979282526,1.570790954089486,1.0000006693393915589,PX:+1.504e-04(0.02%) EPS1:+7.643e-09(0.63%) EPS2:+4.624e-10(1.88%) PBDOT:+2.030e-17(0.04%) PMELONG:+1.911e-05(0.00%) FD1:-1.535e-08(0.00%) FD2:+1.611e-08(0.00%) FD3:-1.797e-08(0.00%) FD4:+1.310e-08(0.01%),11.253146886825562,1.6895220279693604,38.291297912597656,1.94661283493042
J1012-4235,J1012-4235_PINT_20220301.nb.par,OK,797,6.213469798982025602,6.21347529656319,1.0000008847844026156,6.2097698657504248098,6.209765876972578,0.99999935766092255395,PX:-1.986e-05(0.00%) PMELONG:-9.492e-05(0.00%) PMELAT:+4.859e-04(0.01%),0.42128729820251465,0.35178613662719727,1.7512612342834473,0.25882554054260254
J1022+1001,J1022+1001_PINT_20220304.nb.par,OK,3978,4.7864764718150066116,4.786385044079484,0.9999808987391746714,1.9244006515621204505,1.8840414295100651,0.9790276406218767633,PX:+8.999e-05(0.00%) OM:-1.189e-04(0.00%) PMELONG:+2.287e-04(0.00%) PMELAT:+8.105e-03(0.01%) FD1:-1.843e-07(0.00%) FD2:+1.844e-07(0.00%) FD3:-1.287e-07(0.00%) FD4:+7.025e-08(0.00%),2.103085517883301,0.46966075897216797,5.581283330917358,0.4441392421722412
J1024-0719,J1024-0719_PINT_20220302.nb.par,OK,12635,1.8878921344460037149,1.887890726074438,0.99999925399786352017,1.8872948818699790689,1.8872943686452825,0.99999972806332415267,F2:+4.730e-31(0.01%) PX:+6.291e-05(0.01%) PMELAT:+8.938e-05(0.00%) FD1:-1.310e-06(0.01%) FD2:+1.311e-06(0.01%) FD3:-8.824e-07(0.01%) FD4:+4.418e-07(0.01%),5.5838236808776855,0.7969539165496826,12.719200134277344,0.7676374912261963
J1125+7819,J1125+7819_PINT_20220304.nb.par,OK,8723,4.7691867881817746936,4.76924749793633,1.0000127295820549851,3.6587631563596390422,3.6587608147005266,0.9999993599861449455,PX:+6.750e-06(0.00%) EPS1:-1.585e-11(0.00%) EPS2:-4.198e-12(0.00%) PMELONG:+2.369e-05(0.00%) PMELAT:-3.534e-05(0.00%) FD1:+3.225e-10(0.00%) FD2:-2.433e-10(0.00%),3.7251033782958984,0.6513714790344238,12.363798141479492,0.7480323314666748
J1312+0051,J1312+0051_PINT_20220303.nb.par,OK,1705,4.8641312854438062915,4.8641324804140575,1.0000002456698187468,4.8638185268204400923,4.863822752922255,1.0000008688855868452,PX:+1.198e-04(0.01%) PMELONG:+1.981e-04(0.00%) PMELAT:+8.455e-04(0.00%),0.7574541568756104,0.3834986686706543,2.7582473754882812,0.30266904830932617
J1453+1902,J1453+1902_PINT_20220302.nb.par,OK,2551,5.627863838548048383,5.627854970129581,0.999998424194557375,5.515319800979559766,5.515313853817867,0.9999989217013867945,PX:-2.522e-04(0.21%) PMELONG:+3.993e-05(0.00%) PMELAT:-7.644e-05(0.00%),1.0688257217407227,0.42300891876220703,3.096787929534912,0.23795485496520996
J1455-3330,J1455-3330_PINT_20220301.nb.par,OK,10818,3.7615104143995887215,3.761516435885294,1.0000016008159068677,3.7562078593210623837,3.756210549884977,1.0000007162979300718,PX:-2.159e-04(0.07%) PMELONG:-1.653e-05(0.00%) PMELAT:+2.618e-06(0.00%) FD1:-3.254e-11(0.00%),4.584366083145142,0.7810838222503662,15.328039646148682,0.8223388195037842
J1600-3053,J1600-3053_PINT_20220302.nb.par,OK,22955,1.1076944759641820419,1.1076428955303645,0.99995343442173204127,1.0843080492367566535,1.0841696553309024,0.99987236661578626307,PX:+4.220e-05(0.01%) SINI:+1.063e-04(0.01%) M2:-2.722e-04(0.10%) OMDOT:+1.681e-06(0.08%) PMELONG:-4.337e-05(0.01%) PMELAT:-2.391e-05(0.00%) FD1:+3.841e-09(0.01%) FD2:-3.552e-09(0.01%) FD3:+1.194e-09(0.01%),10.068320035934448,1.7771310806274414,34.74966812133789,1.4023170471191406
J1600-3053gbt,J1600-3053gbt_PINT_20220302.nb.par,OK,19725,1.0543431687819356646,1.054283478647897,0.99994338642691860076,1.0321457731743264541,1.0321169229781963,0.9999720483318539619,PX:-2.115e-05(0.00%) SINI:+1.538e-04(0.02%) M2:-4.356e-04(0.14%) OMDOT:+4.455e-07(0.02%) PMELONG:-4.129e-05(0.01%) FD1:+4.056e-10(0.00%) FD2:-3.421e-10(0.00%),9.145946502685547,1.076767921447754,29.548009395599365,1.7579824924468994
J1614-2230,J1614-2230_PINT_20220301.nb.par,OK,18445,1.7237925046400396494,1.7237026418381782,0.99994786913064099583,1.7041851185768252369,1.7041787057267146,0.99999623699911427524,PX:+4.785e-05(0.00%) EPS1:-7.633e-11(0.08%) EPS2:+1.536e-12(0.00%) M2:+3.893e-05(0.01%) PBDOT:+2.409e-16(0.02%) PMELONG:-1.652e-05(0.00%) PMELAT:-3.004e-04(0.00%),8.013149738311768,1.0272746086120605,28.84537982940674,1.1845576763153076
J1630+3734,J1630+3734_PINT_20220302.nb.par,OK,1815,2.443607582058417398,2.443609932939649,1.0000009620535019095,2.4432155036907937775,2.443128657604031,0.99996445418481029943,PX:-4.408e-03(0.04%) ECC:-3.002e-10(0.00%) OM:+3.974e-04(0.00%) SINI:+6.513e-05(0.01%) M2:-6.801e-04(0.11%) OMDOT:-1.294e-05(0.00%) PMELONG:-1.533e-04(0.00%) PMELAT:-1.520e-04(0.00%) FD1:-6.170e-10(0.01%),0.7907278537750244,0.38719654083251953,3.024820566177368,0.377016544342041
J1640+2224,J1640+2224_PINT_20220305.nb.par,OK,14066,0.5343377089714700285,0.5342998717364001,0.9999291885366976713,1.1345074733813239074,0.5166966194723864,0.45543694651248668804,PX:+2.127e-04(0.14%) SINI:+2.836e-04(0.04%) M2:-1.107e-03(0.11%) PMELONG:-1.683e-05(0.00%) PMELAT:-1.371e-04(0.00%) FD1:+6.826e-08(0.03%) FD2:-5.606e-08(0.03%) FD3:+5.880e-08(0.03%) FD4:-5.710e-08(0.06%),6.775718927383423,0.9295852184295654,23.295092344284058,1.5779085159301758
J1643-1224,J1643-1224_PINT_20220305.nb.par,OK,22144,3.3462593523467871524,3.346234675935412,0.9999926256727955563,2.7214752675474941591,2.7214661097816966,0.99999663499944063466,PX:-8.055e-05(0.01%) PMELONG:-2.362e-05(0.00%) PMELAT:+3.413e-05(0.00%) FD1:+1.625e-08(0.00%) FD2:-1.632e-08(0.00%) FD3:+1.039e-08(0.00%) FD4:-4.201e-09(0.00%),9.471904039382935,1.2590985298156738,33.17252206802368,1.352583646774292
J1643-1224gbt,J1643-1224gbt_PINT_20220305.nb.par,OK,17932,3.2658174783355111085,3.2657912425730027,0.99999196655579117174,2.5920680647065976146,2.592058529441114,0.99999632136763164753,PX:-8.940e-05(0.01%) PMELONG:-2.303e-05(0.00%) PMELAT:+2.288e-05(0.00%) FD2:-6.266e-11(0.00%),8.316809177398682,1.593094825744629,26.36021900177002,1.0712954998016357
J1705-1903,J1705-1903_PINT_20220307.nb.par,OK,9871,1.8276810779096376981,1.8275971751258966,0.9999540933126926769,1.5071839495974190602,1.5068489612868445,0.9997777389344784335,PX:+9.910e-03(1.90%) EPS1:-3.546e-09(0.05%) EPS2:+3.452e-07(15.70%) PMELONG:-3.152e-03(0.17%) PMELAT:+4.944e-02(0.66%) FD1:-1.813e-08(0.06%) FD2:+7.479e-09(0.04%) FB1:+4.660e-23(0.04%) FB2:+1.727e-29(19.67%) FB3:+2.962e-37(0.07%) FB4:-8.430e-44(1.02%) FB5:-4.075e-51(0.29%),4.281070947647095,0.9149208068847656,15.689876556396484,0.851402997970581
J1713+0747,J1713+0747_PINT_20220309.nb.par,OK,59389,0.30073064551917136854,0.3003028380313736,0.99857743966512215887,0.15369984552985681435,0.15352818258258288,0.998883128693577091,PX:-1.237e-04(0.01%) M2:+1.886e-05(0.01%) KIN:-3.674e-04(0.00%) KOM:+5.124e-03(0.26%) PMELAT:-2.724e-05(0.00%) FD1:-5.884e-06(4.73%) FD2:+5.791e-06(5.93%) FD3:-3.244e-06(7.21%) FD4:+8.073e-07(8.86%),27.642868757247925,3.0363245010375977,122.0993549823761,3.7000911235809326
J1713+0747ao,J1713+0747ao_PINT_20220306.nb.par,OK,21362,0.2700298052436898066,0.26953135809312156,0.9981541032105014642,0.10741847130497643979,0.10692736901371942,0.9954281392642173498,PX:-1.359e-04(0.02%) M2:-3.942e-05(0.01%) KIN:-2.450e-03(0.00%) KOM:+1.498e-02(0.75%) PMELAT:-5.155e-05(0.00%) FD1:+6.716e-08(0.14%) FD2:-5.404e-08(0.21%) FD3:+1.792e-08(0.25%),10.239485740661621,1.256760597229004,40.26806855201721,1.5359644889831543
J1713+0747gbt,J1713+0747gbt_PINT_20220302.nb.par,OK,32963,0.33288786195772468926,0.33261787980389945,0.999188969666128819,0.21876320668361943654,0.21851806340074068,0.9988794126462349158,PX:+1.117e-04(0.01%) M2:+1.389e-05(0.00%) KIN:+6.008e-04(0.00%) KOM:+2.132e-03(0.06%) PMELONG:-2.087e-05(0.00%) FD1:+5.997e-08(0.02%) FD2:-5.970e-08(0.02%) FD3:+3.782e-08(0.02%) FD4:-1.349e-08(0.03%),14.932867288589478,1.6383774280548096,62.38935089111328,1.9863793849945068
J1719-1438,J1719-1438_PINT_20220302.nb.par,OK,6356,9.721192389771175194,9.721193885527295,1.0000001538654992411,9.721140161381773054,9.721140649601281,1.0000000502224533507,PX:-2.408e-03(0.22%) EPS1:+5.961e-07(0.16%) EPS2:+5.694e-07(0.38%) PMELONG:+1.372e-04(0.00%) PMELAT:+1.377e-03(0.03%) FD1:-1.404e-09(0.01%),2.4319956302642822,0.5871453285217285,8.329780101776123,0.6589992046356201
J1730-2304,J1730-2304_PINT_20220301.nb.par,OK,4870,2.113336712168568279,2.11334116178411,1.000002105492946723,2.113333886053322853,2.1133382765000532,1.0000020774979095152,PX:-1.177e-04(0.01%) PMELONG:-1.533e-04(0.00%) PMELAT:+1.509e-02(0.09%) FD1:+2.381e-09(0.03%) FD2:-1.773e-09(0.01%),2.729405403137207,0.5797643661499023,4.688795328140259,0.39151597023010254
J1738+0333,J1738+0333_PINT_20220302.nb.par,OK,8790,1.2377180929149969994,1.2377107012030104,0.99999402795189882025,1.237637750385457722,1.237632675646046,0.9999958996568987363,PX:-4.399e-04(0.06%) EPS1:+3.732e-09(0.42%) EPS2:-4.665e-09(1.03%) PMELONG:+2.073e-05(0.00%) PMELAT:-1.069e-05(0.00%) FD1:-1.050e-10(0.00%),3.978719472885132,0.7354004383087158,12.05552625656128,0.8280394077301025
J1741+1351,J1741+1351_PINT_20220302.nb.par,OK,5582,0.5378117550540085102,0.5377700035665128,0.99992236784134351193,0.52193884644980881706,0.521914365248462,0.999953095651888499,PX:+2.418e-04(0.05%) EPS1:-1.007e-10(0.00%) EPS2:-9.317e-11(0.00%) SINI:-4.352e-05(0.00%) M2:+1.580e-04(0.08%) PBDOT:-1.201e-15(0.07%) PMELONG:+4.030e-05(0.00%) PMELAT:-4.417e-05(0.00%) FD1:+3.957e-09(0.09%) FD2:-3.976e-09(0.11%),2.2489538192749023,0.6029632091522217,9.543185472488403,0.7411758899688721
J1744-1134,J1744-1134_PINT_20220302.nb.par,OK,17745,0.61547272480464120247,0.6151461194784161,0.9994693423232869664,0.46179167935619720785,0.46178437212829365,0.9999841763543385122,PX:+1.083e-04(0.00%) PMELONG:-2.110e-05(0.00%) PMELAT:-1.874e-05(0.00%) FD1:-8.797e-08(0.02%) FD2:+8.925e-08(0.02%) FD3:-6.104e-08(0.02%) FD4:+2.355e-08(0.02%),7.92162561416626,1.7385966777801514,18.1584575176239,1.0165026187896729
J1745+1017,J1745+1017_PINT_20220302.nb.par,OK,3017,10.4669154301189676285,10.4670618045541,1.0000139844862710955,2.0710741978016073848,2.07152358048993,1.0002169804871305571,F1:+2.002e-21(0.00%) PX:+1.228e-04(0.01%) EPS1:+4.821e-07(1.53%) EPS2:+3.124e-07(0.84%) PMELONG:+4.107e-03(0.21%) PMELAT:+7.654e-03(0.09%) FD1:+1.589e-08(0.14%),1.229682445526123,0.46924376487731934,4.777634620666504,0.5415239334106445
J1747-4036,J1747-4036_PINT_20220302.nb.par,OK,11055,5.804326751155728181,5.80418267225382,0.99997517732752040225,5.170740509425363656,5.170739164982202,0.99999973999020858094,PX:-2.056e-04(0.02%) PMELONG:-4.243e-05(0.00%) PMELAT:+9.027e-06(0.00%),4.878940105438232,0.8245828151702881,10.820959568023682,0.7123219966888428
J1751-2857,J1751-2857_PINT_20220301.nb.par,OK,2025,5.5172052181813126125,5.5172114330718,1.0000011264562839159,5.516928444083115795,5.51693441425031,1.0000010821541831348,PX:-2.048e-04(0.01%) PMELONG:-1.536e-04(0.00%) PMELAT:+5.098e-05(0.00%) FD1:+2.859e-10(0.00%),0.8679533004760742,0.4357898235321045,2.869062900543213,0.4027583599090576
J1802-2124,J1802-2124_PINT_20220302.nb.par,OK,6796,5.6766574320868063096,5.676625673893653,0.99999440547654444626,5.2678295226644482876,5.267833930318893,1.0000008367116713488,PX:+8.598e-04(0.03%) EPS1:-3.232e-09(0.14%) EPS2:-4.471e-09(0.19%) PMELONG:+8.726e-05(0.01%) PMELAT:-1.002e-02(0.03%) FD1:-3.937e-10(0.00%),3.248361825942993,0.6163880825042725,8.855388641357422,0.6924471855163574
J1811-2405,J1811-2405_PINT_20220301.nb.par,OK,5266,2.090177717027936951,2.090174466651706,0.9999984449282926752,2.086016871506448354,2.086016745437905,0.999999939564945507,PX:-9.710e-05(0.03%) EPS1:+4.208e-10(0.04%) EPS2:-9.037e-11(0.02%) SINI:+1.313e-04(0.01%) M2:-5.388e-04(0.16%) PMELONG:-1.055e-04(0.02%) PMELAT:-8.020e-03(0.06%) FD1:+6.216e-11(0.00%),2.698948860168457,0.5875308513641357,7.743661642074585,0.6611166000366211
J1832-0836,J1832-0836_PINT_20220302.nb.par,OK,7739,1.8151013481902958294,1.815094789747864,0.9999963867348573185,1.8146492979312521957,1.8146405053562333,0.99999515466981477686,PX:-6.447e-05(0.01%) PMELONG:-5.933e-05(0.00%) PMELAT:+1.324e-04(0.00%) FD1:+1.262e-10(0.01%),2.9153544902801514,1.365511178970337,7.28730845451355,0.5465874671936035
J1843-1113,J1843-1113_PINT_20220302.nb.par,OK,4595,1.6405701877071005465,1.6405681857444654,0.99999877971533911994,1.6405259452009574798,1.6405233431927317,0.9999984139182721558,PX:-1.434e-04(0.80%) PMELONG:-1.435e-04(0.01%) PMELAT:+2.414e-04(0.01%) FD1:-2.760e-10(0.00%),1.738607406616211,0.5354878902435303,4.587268829345703,0.38671135902404785
J1853+1303,J1853+1303_PINT_20220302.nb.par,OK,4570,1.2941962079649261732,1.294078424887598,0.99990899132866930047,1.2692918034923782022,1.269243683486669,0.9999620890912736818,PX:+3.886e-04(0.07%) SINI:+2.514e-04(0.03%) M2:-2.136e-04(0.14%) PMELONG:-1.155e-04(0.01%) PMELAT:-8.580e-05(0.00%),1.8487846851348877,1.305229902267456,6.850963592529297,0.5489022731781006
J1903+0327,J1903+0327_PINT_20220304.nb.par,OK,6856,5.518996394014597158,5.5188942965281775,0.9999815007151426391,2.3887539169563774123,2.3887361560485063,0.9999925647812673258,PX:-1.289e-03(0.08%) SINI:-5.254e-05(0.01%) M2:+6.966e-04(0.09%) OMDOT:+3.544e-09(0.00%) PMELONG:-8.036e-05(0.00%) PMELAT:+5.387e-04(0.01%) FD1:-9.438e-09(0.00%) FD2:+7.475e-09(0.00%) FD3:-1.473e-09(0.00%),3.429600715637207,0.7529027462005615,10.53194785118103,0.7755768299102783
J1903+0327ao,J1903+0327ao_PINT_20220302.nb.par,OK,6423,5.695922445710582363,5.695807920227337,0.9999798934265105164,2.368967999254909023,2.3689662996210084,0.9999992825424821255,PX:-4.985e-04(0.03%) SINI:-2.704e-05(0.00%) M2:+4.689e-04(0.06%) OMDOT:+3.556e-09(0.00%) PMELONG:-5.905e-05(0.00%) PMELAT:+4.267e-04(0.01%) FD1:-9.422e-09(0.01%) FD2:+5.440e-09(0.02%),3.250932455062866,0.6453590393066406,9.792184114456177,0.6864700317382812
J1909-3744,J1909-3744_PINT_20220303.nb.par,OK,35037,0.3566488909980580336,0.356206176696853,0.99875868308473882514,0.19059080619649861221,0.19056519003525477,0.999865596028711714,PX:-2.315e-04(0.02%) EPS1:-3.315e-10(1.30%) EPS2:-2.612e-10(0.26%) SINI:-7.201e-06(0.00%) M2:+9.301e-05(0.04%) PBDOT:+2.762e-17(0.01%) PMELONG:-2.033e-05(0.00%) PMELAT:-8.130e-05(0.00%) FD1:-1.950e-10(0.03%),16.47959327697754,1.862786054611206,60.82900786399841,2.2021946907043457
J1909-3744gbt,J1909-3744gbt_PINT_20220303.nb.par,OK,31526,0.36512908327208138683,0.36466560381283447,0.99873064217428676596,0.18320006883774510327,0.18317597232249347,0.99986846885263467883,PX:-1.185e-04(0.01%) EPS1:-4.353e-10(2.52%) EPS2:-2.132e-10(0.21%) SINI:-7.526e-06(0.00%) M2:+1.052e-04(0.05%) PBDOT:+1.583e-17(0.00%) PMELAT:-4.811e-05(0.00%) FD1:-1.841e-11(0.00%),14.781568050384521,1.5606637001037598,54.268166065216064,2.0102427005767822
J1910+1256,J1910+1256_PINT_20220301.nb.par,OK,6486,1.2792296978178047589,1.2792388682882583,1.0000071687441818808,1.2582180372383761592,1.2582141103179871,0.99999687898259856063,PX:+3.295e-05(0.05%) PMELAT:-2.309e-05(0.00%) FD1:-5.606e-09(0.02%) FD2:+3.025e-09(0.02%),3.381774663925171,0.63895583152771,8.44266414642334,1.642627477645874
J1911+1347,J1911+1347_PINT_20220302.nb.par,OK,3786,0.49015193787218561686,0.4901509507874673,0.9999979861658354057,0.48894997951086846457,0.48894883410493734,0.9999976574169564851,PX:+9.391e-05(0.03%) PMELONG:-7.175e-05(0.00%) PMELAT:-7.385e-05(0.00%) FD1:+2.441e-09(0.01%) FD2:-1.113e-09(0.00%),1.4714088439941406,0.5020051002502441,3.4492902755737305,0.33364391326904297
J1918-0642,J1918-0642_PINT_20220302.nb.par,OK,18875,1.9348691046082142649,1.9348625365192484,0.9999966054091461908,1.9342840694647241155,1.9342786139863088,0.9999971795877857913,PX:-4.101e-05(0.01%) ECC:-3.192e-11(0.00%) SINI:+5.926e-06(0.00%) M2:-6.939e-05(0.03%) PMELONG:-1.652e-05(0.00%) PMELAT:+6.902e-05(0.00%) FD1:-4.952e-11(0.00%),8.730576992034912,1.0952720642089844,27.295448064804077,1.2484846115112305
J1923+2515,J1923+2515_PINT_20220301.nb.par,OK,3974,1.9169261109292970832,1.9169049194508847,0.9999889450729000157,1.9167969802232740138,1.9167736815691125,0.9999878450068516082,PX:+3.373e-04(0.03%) PMELONG:-5.202e-05(0.00%) PMELAT:-8.411e-05(0.00%) FD1:+1.735e-10(0.00%),2.332465410232544,0.5140304565429688,3.7673776149749756,0.37001752853393555
J1944+0907,J1944+0907_PINT_20220302.nb.par,OK,5328,1.9372534509282826149,1.9372555389087505,1.0000010778044900874,1.9308102896682299135,1.9308018872405932,0.99999564823759140483,PX:-2.666e-04(0.03%) PMELONG:-1.137e-05(0.00%) FD1:+1.020e-09(0.01%) FD2:-1.017e-09(0.00%),2.9210991859436035,0.6164355278015137,5.777740478515625,0.46324610710144043
J1946+3417,J1946+3417_PINT_20220302.nb.par,OK,4743,2.475012187614199979,2.4749949384939978,0.99999303069282303546,2.0459797778760986462,2.024346008608944,0.98942620572251591886,PX:+4.778e-04(0.27%) SINI:-1.013e-04(0.01%) M2:+8.452e-04(0.22%) OMDOT:-1.230e-08(0.00%) PMELONG:-1.116e-04(0.00%) PMELAT:-9.870e-05(0.00%) FD1:-5.072e-11(0.00%),1.8658246994018555,0.44684839248657227,7.544086456298828,0.5371215343475342
J2010-1323,J2010-1323_PINT_20220302.nb.par,OK,17077,2.1836351341167456726,2.183633261632036,0.9999991424919481987,2.1835877328338146172,2.1835863053623736,0.9999993462724581584,PX:+1.180e-04(0.02%) PMELONG:-1.263e-05(0.00%) PMELAT:+5.932e-05(0.00%) FD1:-1.546e-11(0.00%),7.202327489852905,1.0220451354980469,17.622648000717163,0.9471702575683594
J2017+0603,J2017+0603_PINT_20220302.nb.par,OK,3512,0.74736133611682717783,0.7473654998424181,1.0000055712349430928,0.7505532581952688932,0.7471996839068652,0.9955318636595256672,PX:+1.226e-03(0.24%) EPS1:-2.223e-09(1.45%) EPS2:-1.857e-09(0.03%) SINI:-9.400e-04(0.11%) M2:+1.961e-03(0.58%) PMELONG:+5.982e-05(0.00%) PMELAT:+1.510e-04(0.04%),1.4532992839813232,0.49994850158691406,6.225693702697754,0.5576636791229248
J2033+1734,J2033+1734_PINT_20220304.nb.par,OK,3847,3.5336164377514905253,3.533628486103268,1.0000034096376869966,3.5196141920503458626,3.519603763106606,0.9999970369071236627,PX:-1.466e-04(0.02%) PMELONG:-7.033e-05(0.00%) PMELAT:-5.238e-05(0.00%) FD1:+1.560e-09(0.00%) FD2:-1.472e-09(0.00%),1.5432283878326416,0.5035536289215088,4.854666709899902,0.4851982593536377
J2043+1711,J2043+1711_PINT_20220302.nb.par,OK,7397,0.54029120962657034365,0.5402779030043383,0.99997537138862349913,0.53985767154859262544,0.5398391265545749,0.9999656483643836342,PX:-8.041e-05(0.01%) EPS1:-3.013e-10(0.01%) EPS2:-2.321e-10(0.01%) SINI:-1.649e-06(0.00%) M2:+2.953e-05(0.02%) PBDOT:-6.988e-17(0.07%) PMELONG:-6.764e-05(0.00%) PMELAT:+2.443e-05(0.00%) FD1:+8.873e-10(0.04%) FD2:-7.443e-10(0.02%),3.985321283340454,0.6875050067901611,12.984614133834839,0.854201078414917
J2124-3358,J2124-3358_PINT_20220301.nb.par,OK,4982,2.8215719013120898623,2.821566438800183,0.9999980640181792902,2.821074088543031916,2.821068674929724,0.99999808100987851276,PX:+3.709e-05(0.00%) PMELONG:-6.320e-05(0.00%) PMELAT:-3.844e-04(0.00%) FD1:+7.670e-11(0.00%),2.722245454788208,0.5563101768493652,4.968185901641846,0.4043924808502197
J2145-0750,J2145-0750_PINT_20220302.nb.par,OK,18675,1.7199384022845806779,1.7198639732296888,0.99995672574390277233,1.1515212480448409282,1.1513180016485913,0.99982349748509227115,PX:-3.587e-06(0.00%) EPS1:+2.764e-11(0.00%) EPS2:-2.486e-11(0.00%) H3:+3.007e-10(0.30%) PMELONG:-2.343e-05(0.00%) PMELAT:-1.728e-05(0.00%) FD1:-1.726e-08(0.01%) FD2:+1.826e-08(0.01%) FD3:-1.029e-08(0.01%) FD4:+8.921e-10(0.00%),8.000693559646606,1.0705573558807373,28.66245698928833,1.3303196430206299
J2214+3000,J2214+3000_PINT_20220302.nb.par,OK,7406,1.5604156995069659294,1.5604128024759971,0.9999981434235955672,1.5590438621528260059,1.5590390913468517,0.99999693991548915367,PX:-1.313e-03(0.16%) EPS1:-2.561e-08(1.43%) EPS2:+9.094e-08(0.45%) PMELONG:-7.215e-05(0.00%) PMELAT:+1.828e-04(0.00%) FD1:+1.047e-10(0.00%) FD2:-1.174e-09(0.00%),3.7246217727661133,0.6625189781188965,10.182607173919678,0.7771890163421631
J2229+2643,J2229+2643_PINT_20220301.nb.par,OK,3711,1.6553200222447332984,1.65529832092652,0.9999868899560678857,1.6535146866749283778,1.653482627652265,0.9999806115888042708,PX:+3.572e-04(0.11%) PMELONG:-9.806e-05(0.00%) PMELAT:+7.982e-05(0.00%) FD1:+1.289e-11(0.00%) FD2:-9.990e-10(0.01%),1.4962615966796875,0.5010385513305664,5.825445652008057,0.4762592315673828
J2234+0611,J2234+0611_PINT_20220304.nb.par,OK,3566,0.4635361942552986581,0.46344800199717295,0.99980974029812841016,0.4353013464573513427,0.4352806206561969,0.99995238746371189613,PX:-4.910e-04(0.05%) PBDOT:-1.476e-14(0.14%) OMDOT:+2.057e-08(0.00%) PMELONG:-3.210e-05(0.00%) PMELAT:-9.729e-05(0.02%) FD1:-3.390e-09(0.15%) FD2:+1.639e-09(0.03%),1.4543273448944092,0.5043723583221436,5.3725974559783936,0.5051217079162598
J2234+0944,J2234+0944_PINT_20220302.nb.par,OK,7535,1.000562480869991043,1.0005608290089063,0.9999983490675331922,1.0004126316671903781,1.0004101723014942,0.9999975416486974233,PX:-1.062e-05(0.00%) EPS1:-1.721e-08(1.98%) EPS2:+6.349e-09(0.08%) PMELONG:-8.351e-05(0.00%) PMELAT:-3.854e-04(0.00%) FD1:-1.023e-08(0.03%) FD2:+5.726e-09(0.02%),3.8414788246154785,0.692286491394043,10.029255151748657,0.7843785285949707
J2302+4442,J2302+4442_PINT_20220302.nb.par,OK,10211,5.3167833512032766923,5.316784845269636,1.0000002810094488362,5.3145646236349731104,5.31456093503735,0.9999993059454754273,PX:+1.958e-04(0.05%) SINI:-3.041e-06(0.00%) M2:+1.448e-06(0.00%) PMELONG:+9.933e-06(0.00%) PMELAT:+4.564e-05(0.00%) FD1:+4.745e-09(0.00%) FD2:-5.669e-09(0.00%) FD3:+3.967e-09(0.00%),4.820837497711182,0.8001987934112549,14.628116607666016,0.8624250888824463
J2317+1439,J2317+1439_PINT_20220306.nb.par,OK,13927,0.77241345315579382485,0.7724306711497804,1.0000222911627395882,0.7618389953218671274,0.7618533603390134,1.0000188557126039623,PX:+1.509e-05(0.00%) EPS1:+5.030e-10(0.10%) EPS2:+4.162e-11(0.05%) H3:-2.397e-10(0.45%) PMELONG:-7.397e-05(0.03%) PMELAT:-2.270e-05(0.00%) FD1:+1.348e-09(0.02%) FD2:+2.896e-10(0.00%) FD3:-9.198e-10(0.01%),6.487504243850708,0.9586927890777588,22.864968061447144,1.192399263381958
J2322+2057,J2322+2057_PINT_20220302.nb.par,OK,3088,1.6154025801130275184,1.6154024050189673,0.99999989160964429795,1.6143941362844267931,1.6143919103221829,0.9999986211779429284,PX:-3.487e-04(0.03%) PMELONG:-9.103e-05(0.00%) PMELAT:+2.053e-04(0.00%) FD1:+3.854e-10(0.00%),1.2502820491790771,0.48900437355041504,3.890397787094116,0.3190162181854248
